movie_title,actor_count,actors_list
12 Angry Men,14,"Henry_Fonda, Lee_J._Cobb, Martin_Balsam, John_Fiedler, E.G._Marshall, Jack_Klugman, Edward_Binns, Jack_Warden, Joseph_Sweeney, Ed_Begley, George_Voskovec, Robert_Webber, Rudy_Bond, Billy_Nelson"
12 Years a Slave,15,"Chiwetel_Ejiofor, Michael_Kenneth_Williams, Michael_Fassbender, Dwight_Henry, Bryan_Batt, Ashley_Dyke, Kelsey_Scott, Quvenzhané_Wallis, Tony_Bentley, Scoot_McNairy, Taran_Killam, Christopher_Berry, Bill_Camp, Chris_Chalk, Craig_Tate"
12th Fail,11,"Vikrant_Massey, Medha_Shankr, Anant_Joshi, Anshuman_Pushkar, Geeta_Agrawal_Sharma, Harish_Khanna, Sarita_Joshi, Priyanshu_Chatterjee, Darius_Chinoy, Sam_Mohan, Sanjay_Bishnoi"
1917,16,"Dean-Charles_Chapman, George_MacKay, Daniel_Mays, Colin_Firth, Andy_Apollo, Paul_Tinto, Josef_Davies, Billy_Postlethwaite, Gabriel_Akuwudike, Andrew_Scott, Spike_Leighton, Robert_Maaser, Gerran_Howell, Adam_Hugill, Mark_Strong, Richard_McCabe"
2001 A Space Odyssey,17,"Keir_Dullea, Gary_Lockwood, William_Sylvester, Daniel_Richter, Leonard_Rossiter, Margaret_Tyzack, Robert_Beatty, Sean_Sullivan, Douglas_Rain, Bill_Weston, Ed_Bishop, Glenn_Beck, Alan_Gifford, Ann_Gillis, Edwina_Carroll, Penny_Brahms, Heather_Downham"
3 Idiots,16,"Aamir_Khan, Madhavan, Mona_Singh, Sharman_Joshi, Kareena_Kapoor, Boman_Irani, Omi_Vaidya, Jaaved_Jaaferi, Parikshit_Sahni, Rahul_Kumar, Amardeep_Jha, Farida_Dadi, Mukund_Bhatt, Ali_Fazal, Arun_Bali, Dushyant_Wagh"
A Beautiful Mind,15,"Russell_Crowe, Ed_Harris, Jennifer_Connelly, Christopher_Plummer, Paul_Bettany, Adam_Goldberg, Josh_Lucas, Anthony_Rapp, Jason_Gray-Stanford, Judd_Hirsch, Austin_Pendleton, Vivien_Cardone, Jillie_Simon, Tanya_Clarke, Thomas_F._Walsh"
A Clockwork Orange,15,"Malcolm_McDowell, Patrick_Magee, Michael_Bates, Warren_Clarke, John_Clive, Adrienne_Corri, Carl_Duering, Clive_Francis, Miriam_Karlin, Aubrey_Morris, Godfrey_Quigley, Sheila_Raynor, Madge_Ryan, John_Savident, Anthony_Sharp"
A Separation,10,"Payman_Maadi, Leila_Hatami, Sareh_Bayat, Shahab_Hosseini, Sarina_Farhadi, Babak_Karimi, Ali-Asghar_Shahbazi, Kimia_Hosseini, Shirin_Yazdanbakhsh, Merila_Zare'i"
A Silent Voice The Movie,6,"Miyu_Irino, Saori_Hayami, Aoi_Yûki, Yui_Ishikawa, Megumi_Han, Mayu_Matsuoka"
Alien,10,"Sigourney_Weaver, Tom_Skerritt, John_Hurt, Veronica_Cartwright, Harry_Dean_Stanton, Ian_Holm, Yaphet_Kotto, Bolaji_Badejo, Helen_Horton, Eddie_Powell"
Aliens,17,"Sigourney_Weaver, Michael_Biehn, Carrie_Henn, Paul_Reiser, Lance_Henriksen, Bill_Paxton, William_Hope, Jenette_Goldstein, Al_Matthews, Mark_Rolston, Ricco_Ross, Colette_Hiller, Daniel_Kash, Cynthia_Dale_Scott, Tip_Tipping, Paul_Maxwell, Valerie_Colgan"
All About Eve,14,"Bette_Davis, Anne_Baxter, George_Sanders, Celeste_Holm, Gary_Merrill, Hugh_Marlowe, Gregory_Ratoff, Barbara_Bates, Marilyn_Monroe, Thelma_Ritter, Walter_Hampden, Randy_Stuart, Craig_Hill, Claude_Stroud"
Amadeus,10,"F._Murray_Abraham, Tom_Hulce, Elizabeth_Berridge, Roy_Dotrice, Simon_Callow, Christine_Ebersole, Jeffrey_Jones, Charles_Kay, Kenneth_McMillan, Kenny_Baker"
American Beauty,15,"Kevin_Spacey, Annette_Bening, Thora_Birch, Wes_Bentley, Mena_Suvari, Peter_Gallagher, Allison_Janney, Chris_Cooper, Scott_Bakula, Sam_Robards, Ara_Celi, John_Cho, Kent_Faulcon, Brenda_Wehle, Lisa_Cloud"
American History X,15,"Edward_Norton, Edward_Furlong, Beverly_D'Angelo, Jennifer_Lien, Ethan_Suplee, Fairuza_Balk, Avery_Brooks, Elliott_Gould, Stacy_Keach, William_Russ, Guy_Torry, Joe_Cortese, Antonio_David_Lyons, Alex_Sol, Giuseppe_Andrews"
Amélie,13,"Audrey_Tautou, Mathieu_Kassovitz, Rufus, Jamel_Debbouze, Claire_Maurier, Isabelle_Nanty, Dominique_Pinon, Yolande_Moreau, Urbain_Cancelier, Maurice_Bénichou, Michel_Robin, Andrée_Damant, Claude_Perron"
Andhadhun,13,"Ayushmann_Khurrana, Tabu, Radhika_Apte, Anil_Dhawan, Manav_Vij, Zakir_Hussain, Ashwini_Kalsekar, Chhaya_Kadam, Pawan_Singh, Gopal_Singh, Rashmi_Agdekar, Franco_Vaz, Jaydutt_Vyas"
Apocalypse Now,16,"Martin_Sheen, Marlon_Brando, Robert_Duvall, Frederic_Forrest, Sam_Bottoms, Laurence_Fishburne, Albert_Hall, Harrison_Ford, Dennis_Hopper, G.D._Spradlin, Jerry_Ziesmer, Scott_Glenn, James_Keane, Kerry_Rossall, Tom_Mason, Cynthia_Wood"
Avengers Endgame,18,"Robert_Downey_Jr., Chris_Evans, Mark_Ruffalo, Chris_Hemsworth, Scarlett_Johansson, Jeremy_Renner, Don_Cheadle, Paul_Rudd, Benedict_Cumberbatch, Chadwick_Boseman, Brie_Larson, Tom_Holland, Karen_Gillan, Zoe_Saldaña, Evangeline_Lilly, Tessa_Thompson, Rene_Russo, Elizabeth_Olsen"
Avengers Infinity War,18,"Robert_Downey_Jr., Chris_Hemsworth, Mark_Ruffalo, Chris_Evans, Scarlett_Johansson, Don_Cheadle, Benedict_Cumberbatch, Tom_Holland, Chadwick_Boseman, Zoe_Saldaña, Karen_Gillan, Tom_Hiddleston, Paul_Bettany, Elizabeth_Olsen, Anthony_Mackie, Sebastian_Stan, Idris_Elba, Danai_Gurira"
Back to the Future,17,"Michael_J._Fox, Christopher_Lloyd, Lea_Thompson, Crispin_Glover, Tom_Wilson, Claudia_Wells, Marc_McClure, Wendie_Jo_Sperber, George_DiCenzo, Frances_Lee_McCain, James_Tolkan, J.J._Cohen, Casey_Siemaszko, Billy_Zane, Harry_Waters_Jr., Donald_Fullilove, Lisa_Freeman"
Barry Lyndon,16,"Ryan_O'Neal, Marisa_Berenson, Patrick_Magee, Hardy_Krüger, Steven_Berkoff, Marie_Kean, Diana_Körner, Murray_Melvin, Frank_Middlemass, André_Morell, Godfrey_Quigley, Leonard_Rossiter, Philip_Stone, Leon_Vitali, John_Bindon, Roger_Booth"
Batman Begins,17,"Christian_Bale, Michael_Caine, Ken_Watanabe, Liam_Neeson, Katie_Holmes, Gary_Oldman, Cillian_Murphy, Tom_Wilkinson, Rutger_Hauer, Linus_Roache, Mark_Boone_Junior, Morgan_Freeman, Larry_Holden, Gerard_Murphy, Colin_McFarlane, Sara_Stewart, Richard_Brake"
Before Sunrise,5,"Ethan_Hawke, Julie_Delpy, Erni_Mangold, Haymon_Maria_Buttinger, Hans_Weingartner"
Before Sunset,6,"Ethan_Hawke, Julie_Delpy, Vernon_Dobtcheff, Louise_Lemoine_Torrès, Rodolphe_Pauly, Albert_Delpy"
Ben-Hur,13,"Charlton_Heston, Jack_Hawkins, Stephen_Boyd, Haya_Harareet, Hugh_Griffith, Martha_Scott, Cathy_O'Donnell, Sam_Jaffe, Finlay_Currie, Frank_Thring, Terence_Longdon, George_Relph, André_Morell"
Bicycle Thieves,9,"Lamberto_Maggiorani, Enzo_Staiola, Lianella_Carell, Elena_Altieri, Gino_Saltamerenda, Giulio_Chiari, Vittorio_Antonucci, Fausto_Guerzoni, Memmo_Carotenuto"
Blade Runner,14,"Harrison_Ford, Rutger_Hauer, Sean_Young, Edward_James_Olmos, M._Emmet_Walsh, Daryl_Hannah, William_Sanderson, Brion_James, Joe_Turkel, Joanna_Cassidy, James_Hong, Morgan_Paull, Hy_Pyke, Kimiko_Hiroshige"
Braveheart,17,"Mel_Gibson, Sophie_Marceau, Patrick_McGoohan, James_Robinson, Sean_Lawlor, Sandy_Nelson, James_Cosmo, Sean_McGinley, Alan_Tall, Andrew_Weir, Gerda_Stevenson, Ralph_Riach, Mhairi_Calvey, Brian_Cox, Peter_Hanly, Stephen_Billington, Angus_Macfadyen"
Capernaum,2,"Zain_Al_Rafeea, Boluwatife_Treasure_Bankole"
Casablanca,14,"Humphrey_Bogart, Ingrid_Bergman, Paul_Henreid, Claude_Rains, Conrad_Veidt, Sydney_Greenstreet, Peter_Lorre, S.Z._Sakall, Madeleine_Lebeau, Dooley_Wilson, Joy_Page, John_Qualen, Leonid_Kinskey, Curt_Bois"
Casino,15,"Robert_De_Niro, Sharon_Stone, Joe_Pesci, James_Woods, Don_Rickles, Alan_King, Kevin_Pollak, L.Q._Jones, Dick_Smothers, Frank_Vincent, John_Bloom, Pasquale_Cajano, Melissa_Prophet, Vinny_Vella, Frankie_Avalon"
Catch Me If You Can,18,"Leonardo_DiCaprio, Tom_Hanks, Christopher_Walken, Martin_Sheen, Nathalie_Baye, Amy_Adams, James_Brolin, Brian_Howe, Frank_John_Hughes, Steve_Eastin, Chris_Ellis, John_Finn, Jennifer_Garner, Nancy_Lenehan, Ellen_Pompeo, Elizabeth_Banks, Guy_Thauvette, Candice_Azzara"
Chainsaw Man - The Movie Reze Arc,5,"Ai_Fairouz, Natsuki_Hanae, Kenjiro_Tsuda, Eri_Kitamura, Reina_Ueda"
Children of Heaven,3,"Reza_Naji, Amir_Farrokh_Hashemian, Bahare_Seddiqi"
Chinatown,16,"Jack_Nicholson, Faye_Dunaway, John_Huston, Perry_Lopez, John_Hillerman, Darrell_Zwerling, Diane_Ladd, Roy_Jenson, Roman_Polanski, Richard_Bakalyan, Joe_Mantell, Bruce_Glover, Nandu_Hinds, James_Hong, Jerry_Fujikawa, Belinda_Palmer"
Cinema Paradiso,16,"Philippe_Noiret, Enzo_Cannavale, Antonella_Attili, Isa_Danieli, Leo_Gullotta, Marco_Leonardi, Pupella_Maggio, Agnese_Nano, Leopoldo_Trieste, Salvatore_Cascio, Tano_Cimarosa, Nicola_Di_Pinto, Roberta_Lena, Nino_Terzo, Jacques_Perrin, Brigitte_Fossey"
Citizen Kane,17,"Orson_Welles, Joseph_Cotten, Dorothy_Comingore, Agnes_Moorehead, Ruth_Warrick, Ray_Collins, Erskine_Sanford, Everett_Sloane, William_Alland, Paul_Stewart, George_Coulouris, Fortunio_Bonanova, Gus_Schilling, Philip_Van_Zandt, Georgia_Backus, Harry_Shannon, Sonny_Bupp"
City Lights,11,"Charles_Chaplin, Virginia_Cherrill, Harry_Myers, Al_Ernest_Garcia, Hank_Mann, Albert_Austin, Eddie_Baker, Henry_Bergman, Edward_Biby, Buster_Brodie, Jeanne_Carpenter"
City of God,6,"Alexandre_Rodrigues, Leandro_Firmino, Douglas_Silva, Jonathan_Haagensen, Seu_Jorge, Alice_Braga"
Coco,15,"Anthony_Gonzalez, Gael_García_Bernal, Benjamin_Bratt, Alanna_Ubach, Renee_Victor, Jaime_Camil, Alfonso_Arau, Herbert_Siguenza, Gabriel_Iglesias, Lombardo_Boyar, Natalia_Cordova-Buckley, Selene_Luna, Edward_James_Olmos, Sofía_Espinosa, Dyana_Ortelli"
Come and See,10,"Aleksey_Kravchenko, Olga_Mironova, Liubomiras_Laucevicius, Vladas_Bagdonas, Jüri_Lumiste, Viktors_Lorencs, Evgeniy_Tilicheev, Vasiliy_Domrachyov, Evgeniy_Kryzhanovskiy, Viktor_Manaev"
Dangal,12,"Aamir_Khan, Sakshi_Tanwar, Fatima_Sana_Shaikh, Sanya_Malhotra, Aparshakti_Khurana, Zaira_Wasim, Suhani_Bhatnagar, Ritvik_Sahore, Girish_Kulkarni, Mahesh_Balraj, Vivan_Bhatena, Karamveer_Choudhary"
Das Boot,12,"Jürgen_Prochnow, Herbert_Grönemeyer, Martin_Semmelrogge, Bernd_Tauber, Erwin_Leder, Heinz_Hoenig, Uwe_Ochsenknecht, Claude-Oliver_Rudolph, Jan_Fedder, Ralf_Richter, Joachim_Bernhard, Oliver_Stritzel"
Dead Poets Society,14,"Robin_Williams, Robert_Sean_Leonard, Ethan_Hawke, Josh_Charles, Gale_Hansen, Dylan_Kussman, Allelon_Ruggiero, James_Waterston, Norman_Lloyd, Kurtwood_Smith, Leon_Pownall, George_Martin, Kevin_Cooney, Lara_Flynn_Boyle"
Demon Slayer Kimetsu no Yaiba - The Movie Mugen Train,13,"Natsuki_Hanae, Hiro_Shimono, Satoshi_Hino, Takahiro_Sakurai, Katsuyuki_Konishi, Saori_Hayami, Ken'ichi_Suzumura, Tomokazu_Seki, Tomokazu_Sugita, Toshiyuki_Morikawa, Shin'ichirô_Miki, Houko_Kuwashima, Kaede_Hondo"
Demon Slayer Kimetsu no Yaiba- The Movie - Infinity Castle,13,"Zach_Aguilar, Ryan_Bartley, Johnny_Yong_Bosch, Kira_Buckland, Griffin_Burns, Christine_Marie_Cabanos, Nobutoshi_Canna, Clifford_Chapin, Ray_Chase, Shigeru_Chiba, Greg_Chun, Amber_Lee_Connors, Jessica_DiCicco"
Dial M for Murder,10,"Ray_Milland, Grace_Kelly, Robert_Cummings, John_Williams, Anthony_Dawson, Patrick_Allen, Robin_Hughes, Guy_Doleman, Bess_Flowers, Herschel_Graham"
Die Hard,15,"Bruce_Willis, Alan_Rickman, Bonnie_Bedelia, Reginald_VelJohnson, Paul_Gleason, De'voreaux_White, William_Atherton, Hart_Bochner, James_Shigeta, Alexander_Godunov, Andreas_Wisniewski, Clarence_Gilyard_Jr., Joseph_Plewa, Lorenzo_Caccialanza, Al_Leong"
Django Unchained,16,"Jamie_Foxx, Christoph_Waltz, Leonardo_DiCaprio, Kerry_Washington, Samuel_L._Jackson, Walton_Goggins, Dennis_Christopher, James_Remar, David_Steen, Dana_Gourrier, Nichole_Galicia, Laura_Cayouette, Ato_Essandoh, Sammi_Rotibi, Escalante_Lundy, Don_Johnson"
Double Indemnity,14,"Fred_MacMurray, Barbara_Stanwyck, Edward_G._Robinson, Porter_Hall, Jean_Heather, Tom_Powers, Byron_Barr, Richard_Gaines, Fortunio_Bonanova, Raymond_Chandler, Edmund_Cobb, Kernan_Cripps, Betty_Farrington, Bess_Flowers"
Downfall,17,"Bruno_Ganz, Alexandra_Maria_Lara, Ulrich_Matthes, Corinna_Harfouch, Juliane_Köhler, Heino_Ferch, Christian_Berkel, Matthias_Habich, Thomas_Kretschmann, Michael_Mendl, André_Hennicke, Ulrich_Noethen, Birgit_Minichmayr, Rolf_Kanies, Justus_von_Dohnányi, Christian_Redl, Götz_Otto"
Dr. Strangelove or How I Learned to Stop Worrying and Love the Bomb,15,"Peter_Sellers, George_C._Scott, Sterling_Hayden, Keenan_Wynn, Slim_Pickens, Peter_Bull, James_Earl_Jones, Tracy_Reed, Jack_Creley, Robert_O'Neil, Glenn_Beck, Shane_Rimmer, Hal_Galili, Laurence_Herder, Gordon_Tanner"
Drishyam,12,"Ajay_Devgn, Shriya_Saran, Tabu, Rajat_Kapoor, Ishita_Dutta, Mrunal_Jadhav, Kamlesh_Sawant, Yogesh_Soman, Prathamesh_Parab, Sharad_Bhutadiya, Ashish_Warang, Anil_Nagarkar"
Dune Part Two,17,"Timothée_Chalamet, Zendaya, Rebecca_Ferguson, Javier_Bardem, Josh_Brolin, Austin_Butler, Florence_Pugh, Dave_Bautista, Christopher_Walken, Léa_Seydoux, Stellan_Skarsgård, Charlotte_Rampling, Souheila_Yacoub, Roger_Yuan, Babs_Olusanmokun, Alison_Halstead, Giusi_Merli"
Eternal Sunshine of the Spotless Mind,16,"Jim_Carrey, Kate_Winslet, Tom_Wilkinson, Gerry_Robert_Byrne, Elijah_Wood, Thomas_Jay_Ryan, Mark_Ruffalo, Jane_Adams, David_Cross, Kirsten_Dunst, Debbon_Ayer, Amir_Ali_Said, Paulie_Litt, Josh_Flitter, Lola_Daehler, Deirdre_O'Connell"
Fargo,13,"William_H._Macy, Frances_McDormand, Steve_Buscemi, Peter_Stormare, Kristin_Rudrüd, Harve_Presnell, Tony_Denman, Gary_Houston, Melissa_Peterman, Steve_Reevis, Warren_Keith, Larry_Brandenburg, James_Gaulke"
Fight Club,14,"Brad_Pitt, Edward_Norton, Meat_Loaf, Zach_Grenier, Richmond_Arquette, David_Andrews, Eugenie_Bondurant, Christina_Cabot, Helena_Bonham_Carter, Rachel_Singer, Tim_DeZarn, Ezra_Buzzington, Bob_Stephenson, Charlie_Dell"
Finding Nemo,18,"Albert_Brooks, Ellen_DeGeneres, Alexander_Gould, Willem_Dafoe, Brad_Garrett, Allison_Janney, Austin_Pendleton, Stephen_Root, Vicki_Lewis, Joe_Ranft, Geoffrey_Rush, Andrew_Stanton, Elizabeth_Perkins, Nicholas_Bird, Bob_Peterson, Barry_Humphries, Eric_Bana, Bruce_Spence"
For a Few Dollars More,9,"Clint_Eastwood, Lee_Van_Cleef, Gian_Maria_Volontè, Luigi_Pistilli, Klaus_Kinski, Benito_Stefanelli, Aldo_Sambrell, Roberto_Camardiel, Tomás_Blanco"
Ford v Ferrari,18,"Matt_Damon, Christian_Bale, Jon_Bernthal, Caitríona_Balfe, Josh_Lucas, Noah_Jupe, Tracy_Letts, Remo_Girone, Ray_McKinnon, JJ_Feild, Jack_McMullen, Corrado_Invernizzi, Joe_Williamson, Ian_Harding, Christopher_Darga, Shawn_Law, Emil_Beheshti, Darrin_Prescott"
Forrest Gump,11,"Tom_Hanks, Robin_Wright, Gary_Sinise, Rebecca_Williams, Sally_Field, Michael_Conner_Humphreys, Bob_Penny, Sam_Anderson, Margo_Moorer, Peter_Dobson, Siobhan_Fallon_Hogan"
Full Metal Jacket,16,"Matthew_Modine, R._Lee_Ermey, Vincent_D'Onofrio, Adam_Baldwin, Dorian_Harewood, Kevyn_Major_Howard, Arliss_Howard, Ed_O'Ross, John_Terry, Kieron_Jecchinis, Kirk_Taylor, Tim_Colceri, Jon_Stafford, Bruce_Boa, Sal_Lopez, Gary_Landon_Mills"
Gangs of Wasseypur,15,"Manoj_Bajpayee, Nawazuddin_Siddiqui, Tigmanshu_Dhulia, Richa_Chadha, Reema_Sen, Piyush_Mishra, Huma_Qureshi, Jaideep_Ahlawat, Vineet_Kumar_Singh, Pankaj_Tripathi, Jameel_Khan, Rajkummar_Rao, Vipin_Sharma, Anurita_Jha, Faisal_Malik"
Gladiator,16,"Russell_Crowe, Joaquin_Phoenix, Connie_Nielsen, Oliver_Reed, Richard_Harris, Derek_Jacobi, Djimon_Hounsou, David_Schofield, John_Shrapnel, Tomas_Arana, Ralf_Moeller, Spencer_Treat_Clark, David_Hemmings, Tommy_Flanagan, Sven-Ole_Thorsen, Omid_Djalili"
Gone Girl,18,"Ben_Affleck, Rosamund_Pike, Neil_Patrick_Harris, Tyler_Perry, Carrie_Coon, Kim_Dickens, Patrick_Fugit, David_Clennon, Lisa_Banes, Missi_Pyle, Emily_Ratajkowski, Casey_Wilson, Lola_Kirke, Boyd_Holbrook, Sela_Ward, Lee_Norris, Jamie_McShane, Leonard_Kelly-Young"
Gone with the Wind,18,"Clark_Gable, Vivien_Leigh, Thomas_Mitchell, Barbara_O'Neil, Evelyn_Keyes, Ann_Rutherford, George_Reeves, Fred_Crane, Hattie_McDaniel, Oscar_Polk, Butterfly_McQueen, Victor_Jory, Everett_Brown, Howard_Hickman, Alicia_Rhett, Leslie_Howard, Olivia_de_Havilland, Rand_Brooks"
Good Will Hunting,9,"Robin_Williams, Matt_Damon, Ben_Affleck, Stellan_Skarsgård, Casey_Affleck, Cole_Hauser, Matt_Mercier, Alison_Folland, Vik_Sahay"
Goodfellas,17,"Robert_De_Niro, Ray_Liotta, Joe_Pesci, Lorraine_Bracco, Paul_Sorvino, Frank_Sivero, Tony_Darrow, Mike_Starr, Frank_Vincent, Chuck_Low, Henny_Youngman, Gina_Mastrogiacomo, Catherine_Scorsese, Charles_Scorsese, Suzanne_Shepherd, Debi_Mazar, Margo_Winkler"
Gran Torino,15,"Clint_Eastwood, Bee_Vang, Christopher_Carley, Ahney_Her, Brian_Haley, Geraldine_Hughes, Dreama_Walker, Brian_Howe, John_Carroll_Lynch, William_Hill, Brooke_Chia_Thao, Chee_Thao, Scott_Eastwood, Xia_Soua_Chang, Doua_Moua"
Grave of the Fireflies,0,
Green Book,17,"Viggo_Mortensen, Mahershala_Ali, Linda_Cardellini, Sebastian_Maniscalco, Dimiter_D._Marinov, Mike_Hatton, P.J._Byrne, Joe_Cortese, Mary_Agnes_Nixon, Von_Lewis, Jon_Sortland, Don_Stark, Anthony_Mangano, Paul_Sloan, Quinn_Duffy, Seth_Hurwitz, Gavin_Lyle_Foley"
Hachi A Dog's Tale,9,"Richard_Gere, Joan_Allen, Cary-Hiroyuki_Tagawa, Sarah_Roemer, Jason_Alexander, Erick_Avari, Robbie_Sublett, Tora_Hallström, Denece_Ryland"
Hacksaw Ridge,14,"Andrew_Garfield, Sam_Worthington, Luke_Bracey, Richard_Pyros, Jacob_Warner, Milo_Gibson, Darcy_Bryce, James_Lugton, Kasia_Stelmach, Hugo_Weaving, Rachel_Griffiths, Tyler_Coppin, Teresa_Palmer, Nathaniel_Buzolic"
Hamilton,15,"Lin-Manuel_Miranda, Phillipa_Soo, Leslie_Odom_Jr., Daveed_Diggs, Renée_Elise_Goldsberry, Jonathan_Groff, Chris_Jackson, Jasmine_Cephas_Jones, Okieriete_Onaodowan, Anthony_Ramos, Carleigh_Bettiol, Ariana_DeBose, Sydney_James_Harcourt, Sasha_Hutchings, Jon_Rua"
Harakiri,11,"Tatsuya_Nakadai, Akira_Ishihama, Shima_Iwashita, Tetsurô_Tanba, Masao_Mishima, Kei_Satô, Yoshio_Inaba, Hisashi_Igawa, Tatsuo_Matsumura, Akiji_Kobayashi, Ryûtarô_Gomi"
Harry Potter and the Deathly Hallows Part 2,15,"Daniel_Radcliffe, Emma_Watson, Rupert_Grint, Ralph_Fiennes, Michael_Gambon, Alan_Rickman, Evanna_Lynch, Domhnall_Gleeson, Clémence_Poésy, Warwick_Davis, John_Hurt, Helena_Bonham_Carter, Rusty_Goffe, Kelly_Macdonald, Jason_Isaacs"
Heat,18,"Al_Pacino, Robert_De_Niro, Val_Kilmer, Jon_Voight, Tom_Sizemore, Diane_Venora, Amy_Brenneman, Ashley_Judd, Mykelti_Williamson, Wes_Studi, Ted_Levine, Dennis_Haysbert, William_Fichtner, Natalie_Portman, Tom_Noonan, Kevin_Gage, Hank_Azaria, Susan_Traylor"
High and Low,16,"Toshirô_Mifune, Yutaka_Sada, Tatsuya_Nakadai, Kyôko_Kagawa, Tatsuya_Mihashi, Kenjirô_Ishiyama, Takeshi_Katô, Takashi_Shimura, Jun_Tazaki, Nobuo_Nakamura, Yûnosuke_Itô, Tsutomu_Yamazaki, Minoru_Chiaki, Eijirô_Tôno, Masao_Shimizu, Masahiko_Shimazu"
Hotel Rwanda,10,"Don_Cheadle, Sophie_Okonedo, Joaquin_Phoenix, Desmond_Dube, Hakeem_Kae-Kazim, Nick_Nolte, Fana_Mokoena, Lebo_Mashile, Antonio_David_Lyons, Leleti_Khumalo"
How to Train Your Dragon,12,"Jay_Baruchel, Gerard_Butler, Christopher_Mintz-Plasse, Craig_Ferguson, America_Ferrera, Jonah_Hill, T.J._Miller, Kristen_Wiig, Robin_Atkin_Downes, Ashley_Jensen, David_Tennant, Randy_Thom"
Howl's Moving Castle,8,"Chieko_Baishô, Takuya_Kimura, Tatsuya_Gashûin, Ryûnosuke_Kamiki, Mitsunori_Isaki, Yô_Ôizumi, Akio_Ôtsuka, Haruko_Katô"
Ikiru,14,"Takashi_Shimura, Nobuo_Kaneko, Shin'ichi_Himori, Haruo_Tanaka, Minoru_Chiaki, Miki_Odagiri, Bokuzen_Hidari, Kamatari_Fujiwara, Nobuo_Nakamura, Masao_Shimizu, Yûnosuke_Itô, Kumeko_Urabe, Eiko_Miyoshi, Noriko_Honma"
In the Name of the Father,8,"Daniel_Day-Lewis, Pete_Postlethwaite, Anthony_Brophy, Emma_Thompson, Frankie_McCafferty, Stuart_Wolfenden, Jo_Connor, Jane_Nolan"
Incendies,8,"Lubna_Azabal, Mélissa_Désormeaux-Poulin, Maxim_Gaudette, Rémy_Girard, Dominique_Briand, Frédéric_Paquet, John_Dunn-Hill, Nadia_Essadiqi"
Inception,16,"Leonardo_DiCaprio, Joseph_Gordon-Levitt, Elliot_Page, Tom_Hardy, Ken_Watanabe, Dileep_Rao, Cillian_Murphy, Tom_Berenger, Marion_Cotillard, Pete_Postlethwaite, Michael_Caine, Lukas_Haas, Claire_Geare, Magnus_Nolan, Taylor_Geare, Tohoru_Masamune"
Indiana Jones and the Last Crusade,18,"Harrison_Ford, Sean_Connery, Alison_Doody, Denholm_Elliott, John_Rhys-Davies, Julian_Glover, River_Phoenix, Michael_Byrne, Kevork_Malikyan, Robert_Eddison, Richard_Young, Alexei_Sayle, Alex_Hyde-White, Paul_Maxwell, Isla_Blair, Vernon_Dobtcheff, J.J._Hardy, Bradley_Gregg"
Inglourious Basterds,18,"Brad_Pitt, Diane_Kruger, Eli_Roth, Mélanie_Laurent, Christoph_Waltz, Michael_Fassbender, Daniel_Brühl, Til_Schweiger, Gedeon_Burkhard, Jacky_Ido, B.J._Novak, Omar_Doom, August_Diehl, Denis_Ménochet, Sylvester_Groth, Martin_Wuttke, Mike_Myers, Julie_Dreyfus"
Inside Out,17,"Amy_Poehler, Bill_Hader, Lewis_Black, Phyllis_Smith, Richard_Kind, Mindy_Kaling, Diane_Lane, Kyle_MacLachlan, Paula_Poundstone, Bobby_Moynihan, Paula_Pell, Dave_Goelz, Frank_Oz, Josh_Cooley, Flea, John_Ratzenberger, Carlos_Alazraqui"
Interstellar,18,"Matthew_McConaughey, Anne_Hathaway, Jessica_Chastain, Ellen_Burstyn, Mackenzie_Foy, John_Lithgow, Timothée_Chalamet, David_Oyelowo, Collette_Wolfe, Francis_X._McCarthy, Bill_Irwin, Andrew_Borba, Wes_Bentley, William_Devane, Michael_Caine, David_Gyasi, Josh_Stewart, Casey_Affleck"
It's a Wonderful Life,15,"James_Stewart, Lionel_Barrymore, Thomas_Mitchell, Henry_Travers, Beulah_Bondi, Frank_Faylen, Ward_Bond, Gloria_Grahame, H.B._Warner, Frank_Albertson, Todd_Karns, Samuel_S._Hinds, Mary_Treen, Virginia_Patton, Sarah_Edwards"
Jai Bhim,13,"Suriya, Lijo_Mol_Jose, Manikandan_K., Rajisha_Vijayan, Prakash_Raj, Rao_Ramesh, Guru_Somasundaram, M.S._Bhaskar, V._Jayaprakash, Sibi_Thomas, Ilavarasu, Supergood_Subramani, Bala_Hasan"
Jaws,13,"Roy_Scheider, Robert_Shaw, Richard_Dreyfuss, Lorraine_Gary, Murray_Hamilton, Carl_Gottlieb, Jeffrey_Kramer, Susan_Backlinie, Ted_Grossman, Chris_Rebello, Lee_Fierro, Robert_Nevin, Peter_Benchley"
Joker,14,"Joaquin_Phoenix, Robert_De_Niro, Zazie_Beetz, Frances_Conroy, Brett_Cullen, Shea_Whigham, Bill_Camp, Glenn_Fleshler, Leigh_Gill, Josh_Pais, Marc_Maron, Murphy_Guyer, Douglas_Hodge, Sharon_Washington"
Judgment at Nuremberg,16,"Spencer_Tracy, Burt_Lancaster, Richard_Widmark, Marlene_Dietrich, Maximilian_Schell, Judy_Garland, Montgomery_Clift, William_Shatner, Werner_Klemperer, Kenneth_MacKenna, Torben_Meyer, Alan_Baxter, Edward_Binns, Virginia_Christine, Otto_Waldis, Karl_Swenson"
Jurassic Park,18,"Sam_Neill, Laura_Dern, Jeff_Goldblum, Richard_Attenborough, Bob_Peck, Martin_Ferrero, BD_Wong, Joseph_Mazzello, Ariana_Richards, Samuel_L._Jackson, Wayne_Knight, Gerald_R._Molen, Miguel_Sandoval, Cameron_Thor, Christopher_John_Fields, Whit_Flint, Dean_Cundey, Jophery_C._Brown"
Kill Bill Vol. 1,17,"Uma_Thurman, David_Carradine, Daryl_Hannah, Lucy_Liu, Vivica_A._Fox, Michael_Madsen, Julie_Dreyfus, Chiaki_Kuriyama, Shin'ichi_Chiba, Chia-Hui_Liu, Michael_Parks, Michael_Bowen, Jun_Kunimura, Kenji_Ôba, Yuki_Kazamatsuri, James_Parks, Jonathan_Loughran"
Klaus,16,"Jason_Schwartzman, J.K._Simmons, Rashida_Jones, Will_Sasso, Sergio_Pablos, Norm_MacDonald, Joan_Cusack, Evan_Agos, Sky_Alexis, Jaeden_Bettencourt, Teddy_Blum, Mila_Brener, Sydney_Brower, Finn_Carr, Kendall_Joy_Hall, Hailey_Hermida"
L.A. Confidential,17,"Kevin_Spacey, Russell_Crowe, Guy_Pearce, James_Cromwell, Kim_Basinger, Danny_DeVito, David_Strathairn, Ron_Rifkin, Matt_McCoy, Paul_Guilfoyle, Paolo_Seganti, Sandra_Taylor, Steve_Rankin, Graham_Beckel, Allan_Graf, Precious_Chong, Symba"
La haine,4,"Vincent_Cassel, Hubert_Koundé, Saïd_Taghmaoui, Benoît_Magimel"
Lawrence of Arabia,18,"Peter_O'Toole, Alec_Guinness, Anthony_Quinn, Jack_Hawkins, Omar_Sharif, José_Ferrer, Anthony_Quayle, Claude_Rains, Arthur_Kennedy, Donald_Wolfit, I.S._Johar, Gamil_Ratib, Michel_Ray, John_Dimech, Zia_Mohyeddin, Howard_Marion-Crawford, Jack_Gwillim, Hugh_Miller"
Life Is Beautiful,7,"Roberto_Benigni, Nicoletta_Braschi, Giorgio_Cantarini, Marisa_Paredes, Horst_Buchholz, Lidia_Alfonsi, Amerigo_Fontani"
Like Stars on Earth,11,"Darsheel_Safary, Aamir_Khan, Tisca_Chopra, Vipin_Sharma, Tanay_Chheda, Girija_Oak, Meghna_Malik, Sonali_Sachdev, Rajgopal_Iyer, Bugs_Bhargava_Krishna, M.K._Raina"
"Lock, Stock and Two Smoking Barrels",12,"Jason_Flemyng, Dexter_Fletcher, Nick_Moran, Jason_Statham, Steven_Mackintosh, Nicholas_Rowe, Vinnie_Jones, Lenny_McLean, P.H._Moriarty, Frank_Harper, Steve_Sweeney, Stephen_Marcus"
Logan,17,"Hugh_Jackman, Patrick_Stewart, Dafne_Keen, Boyd_Holbrook, Stephen_Merchant, Elizabeth_Rodriguez, Richard_E._Grant, Eriq_La_Salle, Elise_Neal, Quincy_Fouse, Al_Coronel, Frank_Gallegos, Reynaldo_Gallegos, Krzysztof_Soszynski, Stephen_Dunlevy, Daniel_Bernhardt, Ryan_Sturz"
Léon The Professional,13,"Jean_Reno, Gary_Oldman, Natalie_Portman, Danny_Aiello, Peter_Appel, Willi_One_Blood, Don_Creech, Michael_Badalucco, Ellen_Greene, Elizabeth_Regen, Frank_Senger, Lucius_Wyatt_Cherokee, Maïwenn"
M,14,"Peter_Lorre, Inge_Landgut, Otto_Wernicke, Theodor_Loos, Gustaf_Gründgens, Fritz_Odemar, Paul_Kemp, Theo_Lingen, Georg_John, Ernst_Stahl-Nachbaur, Gerhard_Bienert, Karl_Platen, Rosa_Valetti, Hertha_von_Walther"
Mad Max Fury Road,17,"Tom_Hardy, Charlize_Theron, Nicholas_Hoult, Hugh_Keays-Byrne, Josh_Helman, Nathan_Jones, Zoë_Kravitz, Rosie_Huntington-Whiteley, Riley_Keough, Abbey_Lee, Courtney_Eaton, John_Howard, Richard_Carter, Iota, Angus_Sampson, Megan_Gale, Melissa_Jaffer"
Maharaja,8,"Vijay_Sethupathi, Anurag_Kashyap, Mamta_Mohandas, Abhirami, Divya_Bharathi, Aruldoss, Munishkanth, Bharathiraja"
Mary and Max,6,"Toni_Collette, Philip_Seymour_Hoffman, Eric_Bana, Christopher_Massey, Patrick_McCabe, Adam_Elliot"
Memento,14,"Guy_Pearce, Carrie-Anne_Moss, Joe_Pantoliano, Mark_Boone_Junior, Russ_Fega, Jorja_Fox, Stephen_Tobolowsky, Harriet_Sansom_Harris, Thomas_Lennon, Callum_Keith_Rennie, Kimberly_Campbell, Marianne_Muellerleile, Larry_Holden, Doshia_Darmane"
Memories of Murder,12,"Song_Kang-ho, Kim_Sang-kyung, Kim_Roe-ha, Song_Jae-ho, Byun_Hee-Bong, Ko_Seo-hie, Ryu_Tae-ho, Park_No-shik, Park_Hae-il, Jeon_Mi-seon, Seo_Young-hwa, Shin_Hyun-jong"
Metropolis,11,"Brigitte_Helm, Alfred_Abel, Gustav_Fröhlich, Rudolf_Klein-Rogge, Fritz_Rasp, Theodor_Loos, Heinrich_George, Fritz_Alberti, Grete_Berger, Heinrich_Gotho, Dolly_Grey"
Million Dollar Baby,14,"Hilary_Swank, Clint_Eastwood, Morgan_Freeman, Jay_Baruchel, Mike_Colter, Brían_F._O'Byrne, Anthony_Mackie, Margo_Martindale, Riki_Lindhome, Michael_Peña, Benito_Martinez, Joe_D'Angerio, Marcus_Chait, Tom_McCleister"
Modern Times,15,"Charles_Chaplin, Paulette_Goddard, Henry_Bergman, Tiny_Sandford, Chester_Conklin, Hank_Mann, Stanley_Blystone, Al_Ernest_Garcia, Richard_Alexander, Mira_McKinney, Murdock_MacQuarrie, Wilfred_Lucas, Edward_LeSaint, Fred_Malatesta, Sammy_Stein"
"Monsters, Inc",17,"Billy_Crystal, John_Goodman, Mary_Gibbs, Steve_Buscemi, James_Coburn, Jennifer_Tilly, Bob_Peterson, John_Ratzenberger, Frank_Oz, Daniel_Gerson, Steve_Susskind, Bonnie_Hunt, Jeff_Pidgeon, Jack_Angel, Bob_Bergen, Rodger_Bumpass, Gino_Conforti"
Monty Python and the Holy Grail,12,"Graham_Chapman, John_Cleese, Eric_Idle, Terry_Gilliam, Terry_Jones, Michael_Palin, Connie_Booth, Carol_Cleveland, Neil_Innes, John_Young, Rita_Davies, Sandy_Johnson"
Mr. Smith Goes to Washington,18,"James_Stewart, Jean_Arthur, Claude_Rains, Edward_Arnold, Guy_Kibbee, Thomas_Mitchell, Eugene_Pallette, Beulah_Bondi, H.B._Warner, Harry_Carey, Astrid_Allwyn, Ruth_Donnelly, Grant_Mitchell, Porter_Hall, H.V._Kaltenborn, Charles_Lane, Pierre_Watkin, Dick_Elliott"
My Father and My Son,8,"Çetin_Tekindor, Hümeyra, Serif_Sezer, Yetkin_Dikinciler, Binnur_Kaya, Tuba_Büyüküstün, Özge_Özberk, Halit_Ergenç"
My Neighbor Totoro,4,"Sumi_Shimamoto, Tanie_Kitabayashi, Shigeru_Chiba, Naoki_Tatsuta"
Network,16,"Faye_Dunaway, William_Holden, Peter_Finch, Robert_Duvall, Wesley_Addy, Ned_Beatty, Arthur_Burghardt, Bill_Burrows, John_Carpenter, Jordan_Charney, Kathy_Cronkite, Ed_Crowley, Jerome_Dempsey, Conchata_Ferrell, Cindy_Grover, Darryl_Hickman"
No Country for Old Men,15,"Tommy_Lee_Jones, Javier_Bardem, Josh_Brolin, Woody_Harrelson, Kelly_Macdonald, Garret_Dillahunt, Tess_Harper, Barry_Corbin, Stephen_Root, Rodger_Boyce, Beth_Grant, Ana_Reeder, Kit_Gwin, Gene_Jones, Myk_Watford"
North by Northwest,17,"Cary_Grant, Eva_Marie_Saint, James_Mason, Jessie_Royce_Landis, Leo_G._Carroll, Josephine_Hutchinson, Philip_Ober, Martin_Landau, Adam_Williams, Edward_Platt, Robert_Ellenstein, Les_Tremayne, Philip_Coolidge, Patrick_McVey, Edward_Binns, Ken_Lynch, Stanley_Adams"
Oldboy,9,"Choi_Min-sik, Yoo_Ji-tae, Kang_Hye-jeong, Kim_Byeong-Ok, Oh_Dal-su, Lee_Seung-shin, Yoon_Jin-seo, Yoo_Yeon-seok, Kim_Young_Ae"
On the Waterfront,10,"Marlon_Brando, Karl_Malden, Lee_J._Cobb, Rod_Steiger, Pat_Henning, Leif_Erickson, James_Westerfield, Rudy_Bond, Eva_Marie_Saint, Martin_Balsam"
Once Upon a Time in America,15,"Robert_De_Niro, James_Woods, Elizabeth_McGovern, Treat_Williams, Tuesday_Weld, Burt_Young, Joe_Pesci, Danny_Aiello, William_Forsythe, James_Hayden, Darlanne_Fluegel, Larry_Rapp, Robert_Harper, Richard_Bright, Olga_Karlatos"
Once Upon a Time in the West,14,"Henry_Fonda, Charles_Bronson, Claudia_Cardinale, Jason_Robards, Gabriele_Ferzetti, Paolo_Stoppa, Woody_Strode, Jack_Elam, Keenan_Wynn, Frank_Wolff, Lionel_Stander, Salvatore_Basile, Aldo_Berti, Frank_Braña"
One Flew Over the Cuckoo's Nest,11,"Jack_Nicholson, Louise_Fletcher, Michael_Berryman, Peter_Brocco, Scatman_Crothers, Mwako_Cumbuka, Danny_DeVito, Josip_Elic, Nathan_George, Sydney_Lassick, Christopher_Lloyd"
Oppenheimer,18,"Cillian_Murphy, Emily_Blunt, Matt_Damon, Robert_Downey_Jr., Alden_Ehrenreich, Scott_Grimes, Jason_Clarke, Kurt_Koehler, Tony_Goldwyn, John_Gowans, Macon_Blair, James_D'Arcy, Kenneth_Branagh, Harry_Groener, Gregory_Jbara, Ted_King, Tim_DeKay, Steven_Houska"
Pan's Labyrinth,12,"Ivana_Baquero, Ariadna_Gil, Sergi_López, Maribel_Verdú, Doug_Jones, Álex_Angulo, Manolo_Solo, César_Vea, Roger_Casamajor, Ivan_Massagué, Francisco_Vidal, Juanjo_Cucalón"
Parasite,15,"Song_Kang-ho, Lee_Sun-kyun, Cho_Yeo-jeong, Choi_Woo-sik, Park_So-dam, Lee_Jeong-eun, Jang_Hye-jin, Park_Myeong-hoon, Jung_Ji-so, Jung_Hyun-jun, Park_Keun-rok, Jung_Yi-seo, Jung_Ik-han, Kim_Kyu-baek, Ahn_Seong-bong"
Paths of Glory,15,"Kirk_Douglas, Ralph_Meeker, Adolphe_Menjou, George_Macready, Wayne_Morris, Richard_Anderson, Joe_Turkel, Christiane_Kubrick, Jerry_Hausner, Peter_Capell, Emile_Meyer, Bert_Freed, Timothy_Carey, Fred_Bell, John_Stein"
Pirates of the Caribbean The Curse of the Black Pearl,18,"Johnny_Depp, Geoffrey_Rush, Orlando_Bloom, Keira_Knightley, Jack_Davenport, Jonathan_Pryce, Lee_Arenberg, Mackenzie_Crook, Damian_O'Hare, Giles_New, Angus_Barnett, David_Bailie, Michael_Berry_Jr., Isaac_C._Singleton_Jr., Kevin_McNally, Treva_Etienne, Zoe_Saldaña, Guy_Siner"
Platoon,18,"Charlie_Sheen, Tom_Berenger, Willem_Dafoe, Keith_David, Forest_Whitaker, Francesco_Quinn, Kevin_Dillon, John_C._McGinley, Reggie_Johnson, Mark_Moses, Corey_Glover, Johnny_Depp, Chris_Pedersen, Bob_Orwig, Corkey_Ford, David_Neidorf, Richard_Edson, Tony_Todd"
Princess Mononoke,6,"Yuriko_Ishida, Kaoru_Kobayashi, Masahiko_Nishimura, Sumi_Shimamoto, Tetsu_Watanabe, Makoto_Satô"
Prisoners,18,"Hugh_Jackman, Jake_Gyllenhaal, Viola_Davis, Maria_Bello, Terrence_Howard, Melissa_Leo, Paul_Dano, Dylan_Minnette, Zoë_Soul, Erin_Gerasimovich, Kyla-Drew, Wayne_Duvall, Len_Cariou, David_Dastmalchian, Brad_James, Anthony_Reynolds, Robert_C._Treveiler, Sandra_Ellis_Lafferty"
Psycho,14,"Anthony_Perkins, Janet_Leigh, Vera_Miles, John_Gavin, Martin_Balsam, John_McIntire, Simon_Oakland, Frank_Albertson, Patricia_Hitchcock, Vaughn_Taylor, Lurene_Tuttle, John_Anderson, Mort_Mills, Johnny_Clark"
Pulp Fiction,15,"John_Travolta, Uma_Thurman, Samuel_L._Jackson, Tim_Roth, Amanda_Plummer, Laura_Lovelace, Phil_LaMarr, Frank_Whaley, Burr_Steers, Bruce_Willis, Ving_Rhames, Bronagh_Gallagher, Rosanna_Arquette, Eric_Stoltz, Michael_Gilden"
Raging Bull,12,"Robert_De_Niro, Cathy_Moriarty, Joe_Pesci, Frank_Vincent, Nicholas_Colasanto, Theresa_Saldana, Mario_Gallo, Frank_Adonis, Frank_Topham, Lori_Anne_Flax, Charles_Scorsese, Bernie_Allen"
Raiders of the Lost Ark,17,"Harrison_Ford, Karen_Allen, Paul_Freeman, Ronald_Lacey, John_Rhys-Davies, Denholm_Elliott, Alfred_Molina, Wolf_Kahler, Anthony_Higgins, Vic_Tablian, Don_Fellows, William_Hootkins, Fred_Sorenson, Patrick_Durkin, Matthew_Scurfield, Malcolm_Weaver, Sonny_Caldinez"
Ran,13,"Tatsuya_Nakadai, Akira_Terao, Jinpachi_Nezu, Daisuke_Ryû, Mieko_Harada, Yoshiko_Miyazaki, Hisashi_Igawa, Pîtâ, Masayuki_Yui, Kenji_Kodama, Mansai_Nomura, Takeshi_Katô, Jun_Tazaki"
Rashomon,8,"Toshirô_Mifune, Machiko_Kyô, Masayuki_Mori, Takashi_Shimura, Minoru_Chiaki, Kichijirô_Ueda, Noriko_Honma, Daisuke_Katô"
Ratatouille,15,"Brad_Garrett, Lou_Romano, Patton_Oswalt, Ian_Holm, Brian_Dennehy, Peter_Sohn, Peter_O'Toole, Janeane_Garofalo, Will_Arnett, James_Remar, John_Ratzenberger, Theodore_Newton, Tony_Fucile, Jake_Steinfeld, Brad_Bird"
Rear Window,16,"James_Stewart, Grace_Kelly, Wendell_Corey, Thelma_Ritter, Raymond_Burr, Judith_Evelyn, Ross_Bagdasarian, Georgine_Darcy, Sara_Berner, Frank_Cady, Jesslyn_Fax, Irene_Winston, Jerry_Antes, Barbara_Bailey, Benny_Bartlett, Nick_Borgani"
Requiem for a Dream,14,"Ellen_Burstyn, Jared_Leto, Jennifer_Connelly, Marlon_Wayans, Christopher_McDonald, Louise_Lasser, Marcia_Jean_Kurtz, Suzanne_Shepherd, Mark_Margolis, Michael_Kaycheck, Jack_O'Connell, Ajay_Naidu, Sean_Gullette, Samia_Shoaib"
Reservoir Dogs,14,"Harvey_Keitel, Tim_Roth, Michael_Madsen, Chris_Penn, Steve_Buscemi, Lawrence_Tierney, Randy_Brooks, Kirk_Baltz, Edward_Bunker, Quentin_Tarantino, Rich_Turner, David_Steen, Lawrence_Bender, Linda_Kaye"
Rocky,18,"Sylvester_Stallone, Talia_Shire, Burt_Young, Carl_Weathers, Burgess_Meredith, Thayer_David, Joe_Spinell, Jimmy_Gambina, Bill_Baldwin, Al_Silvani, George_Memmoli, Jodi_Letizia, Diana_Lewis, George_O'Hanlon, Larry_Carroll, Stan_Shaw, Don_Sherman, Billy_Sands"
Room,13,"Brie_Larson, Jacob_Tremblay, Sean_Bridgers, Wendy_Crewson, Matt_Gordon, Amanda_Brugel, Joe_Pingue, Joan_Allen, Zarrin_Darnell-Martin, Cas_Anvar, William_H._Macy, Justin_Mader, Rodrigo_Fernandez-Stoll"
Rush,16,"Daniel_Brühl, Chris_Hemsworth, Olivia_Wilde, Alexandra_Maria_Lara, Pierfrancesco_Favino, David_Calder, Natalie_Dormer, Stephen_Mangan, Christian_McKay, Alistair_Petrie, Julian_Rhind-Tutt, Colin_Stinton, Jamie_de_Courcey, Patrick_Baladi, Vincent_Riotta, Martin_Savage"
Saving Private Ryan,16,"Tom_Hanks, Matt_Damon, Tom_Sizemore, Edward_Burns, Barry_Pepper, Adam_Goldberg, Vin_Diesel, Giovanni_Ribisi, Jeremy_Davies, Ted_Danson, Paul_Giamatti, Dennis_Farina, Max_Martini, Dylan_Bruno, Demetri_Goritsas, Ian_Porter"
Scarface,15,"Al_Pacino, Michelle_Pfeiffer, Steven_Bauer, Mary_Elizabeth_Mastrantonio, Robert_Loggia, Miriam_Colon, F._Murray_Abraham, Paul_Shenar, Harris_Yulin, Ángel_Salazar, Pepe_Serna, Al_Israel, Dennis_Holahan, Mark_Margolis, Michael_Alldredge"
Schindler's List,15,"Liam_Neeson, Ralph_Fiennes, Ben_Kingsley, Caroline_Goodall, Jonathan_Sagall, Embeth_Davidtz, Malgorzata_Gebel, Shmuel_Levy, Mark_Ivanir, Béatrice_Macola, Andrzej_Seweryn, Friedrich_von_Thun, Krzysztof_Luft, Adi_Nitzan, Miri_Fabian"
Se7en,13,"Morgan_Freeman, Brad_Pitt, Kevin_Spacey, Andrew_Kevin_Walker, Daniel_Zacapa, Gwyneth_Paltrow, John_Cassini, Peter_Crombie, Reg_E._Cathey, R._Lee_Ermey, Endre_Hules, Hawthorne_James, Richard_Roundtree"
Seven Samurai,13,"Toshirô_Mifune, Takashi_Shimura, Keiko_Tsushima, Kamatari_Fujiwara, Daisuke_Katô, Minoru_Chiaki, Seiji_Miyaguchi, Bokuzen_Hidari, Yoshio_Inaba, Yoshio_Tsuchiya, Kokuten_Kôdô, Eijirô_Tôno, Kichijirô_Ueda"
Sherlock Jr,8,"Buster_Keaton, Kathryn_McGuire, Joe_Keaton, Ward_Crane, George_Davis, Betsy_Ann_Hisle, Kewpie_Morgan, John_Patrick"
Shutter Island,18,"Leonardo_DiCaprio, Emily_Mortimer, Mark_Ruffalo, Ben_Kingsley, Max_von_Sydow, Michelle_Williams, Patricia_Clarkson, Jackie_Earle_Haley, Ted_Levine, John_Carroll_Lynch, Elias_Koteas, Robin_Bartlett, Christopher_Denham, Nellie_Sciutto, Joseph_Sikora, Curtiss_Cook, Raymond_Anthony_Thomas, Joseph_McKenna"
Singin' in the Rain,9,"Gene_Kelly, Donald_O'Connor, Debbie_Reynolds, Jean_Hagen, Millard_Mitchell, Cyd_Charisse, Douglas_Fowley, Rita_Moreno, Dawn_Addams"
Snatch,11,"Jason_Statham, Brad_Pitt, Stephen_Graham, Ade, Andy_Beckwith, Ewen_Bremner, Nicola_Collins, Charles_Cork, Sorcha_Cusack, Benicio_Del_Toro, Dennis_Farina"
Some Like It Hot,14,"Marilyn_Monroe, Tony_Curtis, Jack_Lemmon, George_Raft, Pat_O'Brien, Joe_E._Brown, Nehemiah_Persoff, Joan_Shawlee, George_E._Stone, Dave_Barry, Mike_Mazurki, Harry_Wilson, Beverly_Wills, Edward_G._Robinson_Jr."
Spider-Man Across the Spider-Verse,18,"Shameik_Moore, Hailee_Steinfeld, Brian_Tyree_Henry, Luna_Lauren_Velez, Jake_Johnson, Oscar_Isaac, Jason_Schwartzman, Issa_Rae, Daniel_Kaluuya, Karan_Soni, Shea_Whigham, Greta_Lee, Mahershala_Ali, Amandla_Stenberg, Jharrel_Jerome, Andy_Samberg, Jack_Quaid, Rachel_Dratch"
Spider-Man Into the Spider-Verse,17,"Shameik_Moore, Jake_Johnson, Hailee_Steinfeld, Mahershala_Ali, Brian_Tyree_Henry, Lily_Tomlin, Luna_Lauren_Velez, Zoë_Kravitz, John_Mulaney, Kimiko_Glenn, Nicolas_Cage, Kathryn_Hahn, Liev_Schreiber, Chris_Pine, Natalie_Morales, Oscar_Isaac, Greta_Lee"
Spider-Man No Way Home,18,"Tom_Holland, Zendaya, Benedict_Cumberbatch, Jacob_Batalon, Jon_Favreau, Jamie_Foxx, Willem_Dafoe, Alfred_Molina, Benedict_Wong, Tony_Revolori, Marisa_Tomei, Andrew_Garfield, Tobey_Maguire, Angourie_Rice, Arian_Moayed, Paula_Newsome, Hannibal_Buress, Martin_Starr"
Spirited Away,6,"Miyu_Irino, Rumi_Hiiragi, Tatsuya_Gashûin, Ryûnosuke_Kamiki, Yô_Ôizumi, Bunta_Sugawara"
Spotlight,18,"Mark_Ruffalo, Michael_Keaton, Rachel_McAdams, Liev_Schreiber, John_Slattery, Brian_d'Arcy_James, Stanley_Tucci, Elena_Wohl, Gene_Amoroso, Doug_Murray, Sharon_McFarlane, Jamey_Sheridan, Neal_Huff, Billy_Crudup, Robert_B._Kennedy, Duane_Murray, Brian_Chamberlain, Michael_Cyril_Creighton"
Stand by Me,15,"Wil_Wheaton, River_Phoenix, Corey_Feldman, Jerry_O'Connell, Kiefer_Sutherland, Casey_Siemaszko, Gary_Riley, Bradley_Gregg, Jason_Oliver_Lipsett, Marshall_Bell, Frances_Lee_McCain, Bruce_Kirby, Scott_Beach, Richard_Dreyfuss, John_Cusack"
Star Wars Episode IV - A New Hope,18,"Mark_Hamill, Harrison_Ford, Carrie_Fisher, Peter_Cushing, Alec_Guinness, Anthony_Daniels, Kenny_Baker, Peter_Mayhew, David_Prowse, Phil_Brown, Shelagh_Fraser, Jack_Purvis, Alex_McCrindle, Eddie_Byrne, Drewe_Henley, Denis_Lawson, Garrick_Hagon, Jack_Klaff"
Star Wars Episode V - The Empire Strikes Back,17,"Mark_Hamill, Harrison_Ford, Carrie_Fisher, Billy_Dee_Williams, Anthony_Daniels, David_Prowse, Peter_Mayhew, Kenny_Baker, Frank_Oz, Alec_Guinness, Jeremy_Bulloch, John_Hollis, Jack_Purvis, Clive_Revill, Kenneth_Colley, Julian_Glover, Michael_Sheard"
Star Wars Episode VI - Return of the Jedi,18,"Mark_Hamill, Harrison_Ford, Carrie_Fisher, Billy_Dee_Williams, Anthony_Daniels, Peter_Mayhew, Sebastian_Shaw, Ian_McDiarmid, Frank_Oz, James_Earl_Jones, David_Prowse, Alec_Guinness, Kenny_Baker, Michael_Pennington, Kenneth_Colley, Michael_Carter, Denis_Lawson, Tim_Rose"
Sunset Boulevard,15,"William_Holden, Gloria_Swanson, Erich_von_Stroheim, Nancy_Olson, Fred_Clark, Lloyd_Gough, Jack_Webb, Franklyn_Farnum, Larry_J._Blake, Cecil_B._DeMille, Hedda_Hopper, Buster_Keaton, Anna_Q._Nilsson, H.B._Warner, Fred_Aldrich"
Taxi Driver,9,"Robert_De_Niro, Jodie_Foster, Cybill_Shepherd, Diahnne_Abbott, Victor_Argo, Peter_Boyle, Albert_Brooks, Nat_Grant, Leonard_Harris"
Terminator 2 Judgment Day,14,"Arnold_Schwarzenegger, Linda_Hamilton, Edward_Furlong, Robert_Patrick, Earl_Boen, Joe_Morton, S._Epatha_Merkerson, Castulo_Guerra, Danny_Cooksey, Jenette_Goldstein, Xander_Berkeley, Robert_Winley, Pete_Schrum, Michael_Edwards"
The Apartment,18,"Jack_Lemmon, Shirley_MacLaine, Fred_MacMurray, Ray_Walston, Jack_Kruschen, David_Lewis, Hope_Holiday, Joan_Shawlee, Naomi_Stevens, Johnny_Seven, Joyce_Jameson, Willard_Waterman, David_White, Edie_Adams, Dorothy_Abbott, Bill_Baldwin, Paul_Bradley, Benny_Burt"
The Battle of Algiers,2,"Brahim_Hadjadj, Jean_Martin"
The Best Years of Our Lives,17,"Myrna_Loy, Dana_Andrews, Fredric_March, Teresa_Wright, Virginia_Mayo, Cathy_O'Donnell, Hoagy_Carmichael, Harold_Russell, Gladys_George, Roman_Bohnen, Ray_Collins, Minna_Gombell, Walter_Baldwin, Steve_Cochran, Dorothy_Adams, Don_Beddoe, Charles_Halton"
The Best of Youth,13,"Luigi_Lo_Cascio, Alessio_Boni, Jasmine_Trinca, Adriana_Asti, Sonia_Bergamasco, Fabrizio_Gifuni, Maya_Sansa, Valentina_Carnelutti, Lidia_Vitale, Claudio_Gioè, Riccardo_Scamarcio, Camilla_Filippi, Michele_Melega"
The Big Lebowski,15,"Jeff_Bridges, John_Goodman, Julianne_Moore, Steve_Buscemi, David_Huddleston, Philip_Seymour_Hoffman, Tara_Reid, Philip_Moon, Mark_Pellegrino, Peter_Stormare, Flea, Torsten_Voges, Jack_Kehler, John_Turturro, Carlos_Leon"
The Bridge on the River Kwai,10,"William_Holden, Alec_Guinness, Jack_Hawkins, Sessue_Hayakawa, James_Donald, Geoffrey_Horne, André_Morell, Percy_Herbert, Harold_Goodwin, Ann_Sears"
The Chaos Class Failed the Class,10,"Münir_Özkul, Tarik_Akan, Kemal_Sunal, Adile_Nasit, Halit_Akçatepe, Sener_Sen, Leman_Akçatepe, Sitki_Akçatepe, Ahmet_Ariman, Ertugrul_Bilda"
The Dark Knight,18,"Christian_Bale, Heath_Ledger, Aaron_Eckhart, Michael_Caine, Maggie_Gyllenhaal, Gary_Oldman, Morgan_Freeman, Monique_Gabriela_Curnen, Ron_Dean, Cillian_Murphy, Chin_Han, Nestor_Carbonell, Eric_Roberts, Ritchie_Coster, Anthony_Michael_Hall, Keith_Szarabajka, Colin_McFarlane, Joshua_Harto"
The Dark Knight Rises,17,"Christian_Bale, Tom_Hardy, Anne_Hathaway, Gary_Oldman, Joseph_Gordon-Levitt, Marion_Cotillard, Morgan_Freeman, Michael_Caine, Matthew_Modine, Alon_Aboutboul, Ben_Mendelsohn, Burn_Gorman, Daniel_Sunjata, Aidan_Gillen, Aliash_Tepina, Nestor_Carbonell, Brett_Cullen"
The Deer Hunter,14,"Robert_De_Niro, Christopher_Walken, John_Cazale, John_Savage, Meryl_Streep, George_Dzundza, Chuck_Aspegren, Shirley_Stoler, Rutanya_Alda, Mady_Kaplan, Amy_Wright, Mary_Ann_Haenel, Richard_Kuss, Joe_Grifasi"
The Departed,17,"Leonardo_DiCaprio, Matt_Damon, Jack_Nicholson, Mark_Wahlberg, Martin_Sheen, Ray_Winstone, Vera_Farmiga, Anthony_Anderson, Alec_Baldwin, Kevin_Corrigan, James_Badge_Dale, David_O'Hara, Mark_Rolston, Robert_Wahlberg, Kristen_Dalton, Richard_Hughes, J.C._MacKenzie"
The Elephant Man,17,"Anthony_Hopkins, John_Hurt, Anne_Bancroft, John_Gielgud, Wendy_Hiller, Freddie_Jones, Michael_Elphick, Hannah_Gordon, Helen_Ryan, John_Standing, Dexter_Fletcher, Lesley_Dunlop, Phoebe_Nicholls, Pat_Gorman, Orla_Pederson, Patsy_Smart, Frederick_Treves"
The Exorcist,16,"Ellen_Burstyn, Max_von_Sydow, Linda_Blair, Lee_J._Cobb, Kitty_Winn, Jack_MacGowran, Jason_Miller, William_O'Malley, Barton_Heyman, Peter_Masterson, Rudolf_Schündler, Robert_Symonds, Arthur_Storch, Vasiliki_Maliaros, Titos_Vandis, John_Mahon"
The Father,7,"Anthony_Hopkins, Olivia_Colman, Mark_Gatiss, Olivia_Williams, Imogen_Poots, Rufus_Sewell, Ayesha_Dharker"
The General,6,"Buster_Keaton, Marion_Mack, Glen_Cavender, Jim_Farley, Joe_Keaton, Mike_Donlin"
The Godfather,18,"Marlon_Brando, Al_Pacino, James_Caan, Richard_S._Castellano, Robert_Duvall, Sterling_Hayden, John_Marley, Richard_Conte, Al_Lettieri, Diane_Keaton, Abe_Vigoda, Talia_Shire, Gianni_Russo, John_Cazale, Rudy_Bond, Al_Martino, Morgana_King, Lenny_Montana"
The Godfather Part II,18,"Al_Pacino, Robert_De_Niro, Robert_Duvall, Diane_Keaton, John_Cazale, Talia_Shire, Lee_Strasberg, Michael_V._Gazzo, G.D._Spradlin, Richard_Bright, Gastone_Moschin, Tom_Rosqui, Bruno_Kirby, Frank_Sivero, Francesca_De_Sapio, Morgana_King, Marianna_Hill, Leopoldo_Trieste"
The Gold Rush,8,"Charles_Chaplin, Mack_Swain, Tom_Murray, Henry_Bergman, Malcolm_Waite, Georgia_Hale, Sam_Allen, Albert_Austin"
"The Good, the Bad and the Ugly",11,"Clint_Eastwood, Eli_Wallach, Lee_Van_Cleef, Aldo_Giuffrè, Luigi_Pistilli, Rada_Rassimov, John_Bartha, Antonio_Casale, Sandro_Scarchilli, Benito_Stefanelli, Aldo_Sambrell"
The Grand Budapest Hotel,18,"Ralph_Fiennes, F._Murray_Abraham, Mathieu_Amalric, Adrien_Brody, Willem_Dafoe, Jeff_Goldblum, Harvey_Keitel, Jude_Law, Bill_Murray, Edward_Norton, Saoirse_Ronan, Jason_Schwartzman, Léa_Seydoux, Tilda_Swinton, Tom_Wilkinson, Owen_Wilson, Tony_Revolori, Larry_Pine"
The Grapes of Wrath,17,"Henry_Fonda, Jane_Darwell, John_Carradine, Charley_Grapewin, Dorris_Bowdon, Russell_Simpson, O.Z._Whitehead, John_Qualen, Eddie_Quillan, Zeffie_Tilbury, Frank_Sully, Frank_Darien, Darryl_Hickman, Shirley_Mills, Roger_Imhof, Grant_Mitchell, John_Arledge"
The Great Dictator,16,"Charles_Chaplin, Paulette_Goddard, Jack_Oakie, Reginald_Gardiner, Henry_Daniell, Billy_Gilbert, Grace_Hayle, Carter_DeHaven, Maurice_Moscovitch, Emma_Dunn, Bernard_Gorcey, Paul_Weigel, Chester_Conklin, Hank_Mann, Eddie_Gribbon, Rudolph_Anders"
The Great Escape,17,"Steve_McQueen, James_Garner, Richard_Attenborough, James_Donald, Charles_Bronson, Donald_Pleasence, James_Coburn, Hannes_Messemer, David_McCallum, Gordon_Jackson, John_Leyton, Angus_Lennie, Nigel_Stock, Robert_Graf, Jud_Taylor, Hans_Reiser, William_Russell"
The Green Mile,17,"Tom_Hanks, Michael_Clarke_Duncan, David_Morse, Bonnie_Hunt, James_Cromwell, Michael_Jeter, Graham_Greene, Doug_Hutchison, Sam_Rockwell, Barry_Pepper, Jeffrey_DeMunn, Patricia_Clarkson, Harry_Dean_Stanton, Dabbs_Greer, Eve_Brent, William_Sadler, Mack_Miles"
The Handmaiden,7,"Kim_Min-hee, Ha_Jung-woo, Cho_Jin-woong, Kim_Tae-ri, Lee_Yong-nyeo, Lee_Dong-hwi, Kim_Hae-sook"
The Hunt,10,"Mads_Mikkelsen, Thomas_Bo_Larsen, Annika_Wedderkopp, Susse_Wold, Lars_Ranthe, Alexandra_Rapaport, Sebastian_Bull, Jytte_Kvinesdal, Bjarne_Henriksen, Nicolai_Dahl_Hamilton"
The Incredibles,15,"Craig_T._Nelson, Samuel_L._Jackson, Holly_Hunter, Jason_Lee, Dominique_Louis, Theodore_Newton, Jean_Sincere, Eli_Fucile, Wallace_Shawn, Spencer_Fox, Lou_Romano, Sarah_Vowell, Elizabeth_Peña, Bud_Luckey, Brad_Bird"
The Intouchables,7,"François_Cluzet, Omar_Sy, Anne_Le_Ny, Audrey_Fleurot, Alba_Gaïa_Bellugi, Grégoire_Oestermann, Thomas_Solivérès"
The Iron Giant,15,"Eli_Marienthal, Harry_Connick_Jr., Jennifer_Aniston, Vin_Diesel, James_Gammon, Cloris_Leachman, Christopher_McDonald, John_Mahoney, M._Emmet_Walsh, Jack_Angel, Bob_Bergen, Mary_Kay_Bergman, Rodger_Bumpass, Robert_Clotworthy, Jennifer_Darling"
The Kid,10,"Charles_Chaplin, Edna_Purviance, Jackie_Coogan, Carl_Miller, Albert_Austin, Beulah_Bains, Henry_Bergman, Edward_Biby, B.F._Blinn, Frank_Campeau"
The Lion King,15,"Matthew_Broderick, Jeremy_Irons, James_Earl_Jones, Rowan_Atkinson, Jim_Cummings, Whoopi_Goldberg, Robert_Guillaume, Moira_Kelly, Nathan_Lane, Cheech_Marin, Ernie_Sabella, Madge_Sinclair, Jonathan_Taylor_Thomas, Frank_Welker, Cathy_Cavadini"
The Lives of Others,14,"Ulrich_Mühe, Martina_Gedeck, Sebastian_Koch, Ulrich_Tukur, Volkmar_Kleinert, Matthias_Brenner, Charly_Hübner, Herbert_Knaup, Marie_Gruber, Volker_Zack, Werner_Daehn, Martin_Brambach, Thomas_Arnold, Hinnerk_Schönemann"
The Lord of the Rings The Fellowship of the Ring,14,"Elijah_Wood, Ian_McKellen, Orlando_Bloom, Alan_Howard, Sean_Astin, Sala_Baker, Sean_Bean, Billy_Boyd, Andy_Serkis, Marton_Csokas, Viggo_Mortensen, Cate_Blanchett, Mark_Ferguson, Ian_Holm"
The Lord of the Rings The Return of the King,15,"Elijah_Wood, Viggo_Mortensen, Ian_McKellen, Ali_Astin, Sean_Astin, David_Aston, John_Bach, Sean_Bean, Cate_Blanchett, Orlando_Bloom, Billy_Boyd, Alistair_Browning, Marton_Csokas, Jason_Fitch, Bernard_Hill"
The Lord of the Rings The Two Towers,17,"Elijah_Wood, Ian_McKellen, Viggo_Mortensen, Bruce_Allpress, Sean_Astin, John_Bach, Sala_Baker, Cate_Blanchett, Orlando_Bloom, Billy_Boyd, Jed_Brophy, Brad_Dourif, Calum_Gittins, Bernard_Hill, Bruce_Hopkins, Paris_Howe_Strewe, Christopher_Lee"
The Matrix,17,"Keanu_Reeves, Laurence_Fishburne, Carrie-Anne_Moss, Hugo_Weaving, Gloria_Foster, Joe_Pantoliano, Marcus_Chong, Julian_Arahanga, Matt_Doran, Belinda_McClory, Anthony_Ray_Parker, Paul_Goddard, Robert_Taylor, David_Aston, Marc_Aden_Gray, Ada_Nicodemou, Rowan_Witt"
The Passion of Joan of Arc,10,"Maria_Falconetti, Eugene_Silvain, André_Berley, Maurice_Schutz, Antonin_Artaud, Michel_Simon, Armand_Lurville, Alexandre_Mihalesco, Camille_Bardou, Gilbert_Dalleu"
The Pianist,14,"Adrien_Brody, Thomas_Kretschmann, Frank_Finlay, Emilia_Fox, Michal_Zebrowski, Ed_Stoppard, Maureen_Lipman, Jessica_Kate_Meyer, Julia_Rayner, Wanja_Mues, Richard_Ridings, Anthony_Milner, Thomas_Lawinky, Joachim_Paul_Assböck"
The Prestige,17,"Christian_Bale, Hugh_Jackman, Scarlett_Johansson, Michael_Caine, Piper_Perabo, Rebecca_Hall, Samantha_Mahurin, David_Bowie, Andy_Serkis, Daniel_Davis, Jim_Piddock, Christopher_Neame, Mark_Ryan, Roger_Rees, Jamie_Harris, Ron_Perkins, Ricky_Jay"
The Secret in Their Eyes,8,"Ricardo_Darín, Soledad_Villamil, Pablo_Rago, Carla_Quevedo, Javier_Godino, Mario_Alarcón, Guillermo_Francella, Mariano_Argento"
The Seventh Seal,15,"Max_von_Sydow, Gunnar_Björnstrand, Bengt_Ekerot, Nils_Poppe, Bibi_Andersson, Inga_Gill, Maud_Hansson, Inga_Landgré, Gunnel_Lindblom, Bertil_Anderberg, Anders_Ek, Åke_Fridell, Gunnar_Olsson, Erik_Strandmark, Benkt-Åke_Benktsson"
The Shawshank Redemption,16,"Tim_Robbins, Morgan_Freeman, Bob_Gunton, William_Sadler, Clancy_Brown, Gil_Bellows, Mark_Rolston, James_Whitmore, Jeffrey_DeMunn, Larry_Brandenburg, Neil_Giuntoli, Brian_Libby, David_Proval, Joseph_Ragno, Jude_Ciccolella, Paul_McCrane"
The Shining,13,"Jack_Nicholson, Shelley_Duvall, Danny_Lloyd, Scatman_Crothers, Barry_Nelson, Philip_Stone, Joe_Turkel, Anne_Jackson, Tony_Burton, Lia_Beldam, Barry_Dennen, David_Baxt, Manning_Redwood"
The Silence of the Lambs,15,"Anthony_Hopkins, Scott_Glenn, Ted_Levine, Anthony_Heald, Brooke_Smith, Diane_Baker, Kasi_Lemmons, Charles_Napier, Tracey_Walter, Roger_Corman, Ron_Vawter, Frankie_Faison, Paul_Lazar, Dan_Butler, Chris_Isaak"
The Sixth Sense,16,"Bruce_Willis, Haley_Joel_Osment, Toni_Collette, Olivia_Williams, Trevor_Morgan, Donnie_Wahlberg, Peter_Anthony_Tambakis, Jeffrey_Zubernis, Bruce_Norris, Glenn_Fitzgerald, Greg_Wood, Mischa_Barton, Angelica_Page, Firdous_Bamji, Samia_Shoaib, Janis_Dardaris"
The Sound of Music,17,"Julie_Andrews, Christopher_Plummer, Eleanor_Parker, Richard_Haydn, Peggy_Wood, Charmian_Carr, Heather_Menzies-Urich, Nicholas_Hammond, Duane_Chase, Angela_Cartwright, Debbie_Turner, Kym_Karath, Anna_Lee, Portia_Nelson, Ben_Wright, Daniel_Truhitte, Norma_Varden"
The Sting,17,"Paul_Newman, Robert_Redford, Robert_Shaw, Charles_Durning, Ray_Walston, Eileen_Brennan, Harold_Gould, Dana_Elcar, Jack_Kehoe, Dimitra_Arliss, Robert_Earl_Jones, James_Sloyan, Charles_Dierkop, Lee_Paul, Sally_Kirkland, Avon_Long, Arch_Johnson"
The Terminator,14,"Arnold_Schwarzenegger, Linda_Hamilton, Michael_Biehn, Paul_Winfield, Lance_Henriksen, Rick_Rossovich, Bess_Motta, Earl_Boen, Dick_Miller, Shawn_Schepps, Franco_Columbu, Bill_Paxton, Brad_Rearden, Brian_Thompson"
The Thing,16,"Kurt_Russell, Wilford_Brimley, Keith_David, T.K._Carter, David_Clennon, Richard_Dysart, Charles_Hallahan, Peter_Maloney, Richard_Masur, Donald_Moffat, Joel_Polis, Thomas_G._Waites, Norbert_Weisser, Larry_Franco, Adrienne_Barbeau, John_Carpenter"
The Third Man,14,"Orson_Welles, Joseph_Cotten, Alida_Valli, Trevor_Howard, Paul_Hörbiger, Ernst_Deutsch, Erich_Ponto, Siegfried_Breuer, Hedwig_Bleibtreu, Bernard_Lee, Wilfrid_Hyde-White, Harold_Ayer, Paul_Birch, Martin_Boddey"
The Treasure of the Sierra Madre,15,"Humphrey_Bogart, Walter_Huston, Tim_Holt, Bruce_Bennett, Barton_MacLane, Alfonso_Bedoya, Arturo_Soto_Rangel, Manuel_Dondé, José_Torvay, Robert_Blake, Roberto_Cañedo, Spencer_Chan, Jacqueline_Dalya, Ralph_Dunn, Pat_Flaherty"
The Truman Show,11,"Jim_Carrey, Ed_Harris, Laura_Linney, Noah_Emmerich, Natascha_McElhone, Holland_Taylor, Brian_Delate, Peter_Krause, Heidi_Schanz, Ted_Raymond, Judy_Clayton"
The Usual Suspects,15,"Kevin_Spacey, Gabriel_Byrne, Chazz_Palminteri, Stephen_Baldwin, Benicio_Del_Toro, Kevin_Pollak, Pete_Postlethwaite, Suzy_Amis, Giancarlo_Esposito, Dan_Hedaya, Paul_Bartel, Carl_Bressler, Jack_Shearer, Christine_Estabrook, Clark_Gregg"
The Wages of Fear,9,"Yves_Montand, Charles_Vanel, Peter_van_Eyck, Folco_Lulli, Véra_Clouzot, Darío_Moreno, Antonio_Centa, Luis_De_Lima, Darling_Légitimus"
The Wild Robot,18,"Lupita_Nyong'o, Pedro_Pascal, Kit_Connor, Bill_Nighy, Stephanie_Hsu, Matt_Berry, Ving_Rhames, Mark_Hamill, Catherine_O'Hara, Boone_Storm, Alexandra_Novelle, Raphael_Alejandro, Paul-Mikél_Williams, Eddie_Park, Dee_Bradley_Baker, Randy_Thom, Avrielle_Corti, Keston_John"
The Wizard of Oz,12,"Judy_Garland, Frank_Morgan, Ray_Bolger, Bert_Lahr, Jack_Haley, Billie_Burke, Margaret_Hamilton, Charley_Grapewin, Pat_Walshe, Clara_Blandick, Terry, The_Singer_Midgets"
The Wolf of Wall Street,18,"Leonardo_DiCaprio, Jonah_Hill, Margot_Robbie, Matthew_McConaughey, Kyle_Chandler, Rob_Reiner, Jon_Bernthal, Jon_Favreau, Jean_Dujardin, Joanna_Lumley, Cristin_Milioti, Christine_Ebersole, Shea_Whigham, Katarina_Cas, P.J._Byrne, Kenneth_Choi, Brian_Sacca, Henry_Zebrowski"
There Will Be Blood,10,"Daniel_Day-Lewis, Paul_Dano, Ciarán_Hinds, Paul_F._Tompkins, Dillon_Freasier, Kevin_Breznahan, Jim_Meskimen, Erica_Sullivan, Randall_Carver, Coco_Leigh"
"Three Billboards Outside Ebbing, Missouri",16,"Frances_McDormand, Woody_Harrelson, Sam_Rockwell, Caleb_Landry_Jones, Kerry_Condon, Alejandro_Barrios, Clarke_Peters, Darrell_Britt-Gibson, Abbie_Cornish, Lucas_Hedges, Zeljko_Ivanek, Amanda_Warren, Malaya_Rivera_Drew, Sandy_Martin, Peter_Dinklage, Christopher_Berry"
To Be or Not to Be,16,"Carole_Lombard, Jack_Benny, Robert_Stack, Felix_Bressart, Lionel_Atwill, Stanley_Ridges, Sig_Ruman, Tom_Dugan, Charles_Halton, George_Lynn, Henry_Victor, Maude_Eburne, Halliwell_Hobbes, Miles_Mander, Rudolph_Anders, Sven_Hugo_Borg"
To Kill a Mockingbird,17,"Gregory_Peck, John_Megna, Frank_Overton, Rosemary_Murphy, Ruth_White, Brock_Peters, Estelle_Evans, Paul_Fix, Collin_Wilcox_Paxton, James_Anderson, Alice_Ghostley, Robert_Duvall, William_Windom, Crahan_Denton, Richard_Hale, Mary_Badham, Phillip_Alford"
Tokyo Story,13,"Chishû_Ryû, Chieko_Higashiyama, Sô_Yamamura, Setsuko_Hara, Haruko_Sugimura, Kuniko_Miyake, Kyôko_Kagawa, Eijirô_Tôno, Nobuo_Nakamura, Hisao_Toake, Teruko_Nagaoka, Toyo_Takahashi, Tôru_Abe"
Top Gun Maverick,18,"Tom_Cruise, Jennifer_Connelly, Miles_Teller, Val_Kilmer, Bashir_Salahuddin, Jon_Hamm, Charles_Parnell, Monica_Barbaro, Lewis_Pullman, Jay_Ellis, Danny_Ramirez, Glen_Powell, Jack_Schumacher, Manny_Jacinto, Kara_Wang, Greg_Tarzan_Davis, Jake_Picking, Raymond_Lee"
Toy Story,15,"Tom_Hanks, Tim_Allen, Don_Rickles, Jim_Varney, Wallace_Shawn, John_Ratzenberger, Annie_Potts, John_Morris, Erik_von_Detten, Laurie_Metcalf, R._Lee_Ermey, Penn_Jillette, Jack_Angel, Spencer_Aste, Greg_Berg"
Toy Story 3,17,"Tom_Hanks, Tim_Allen, Joan_Cusack, Ned_Beatty, Don_Rickles, Michael_Keaton, Wallace_Shawn, John_Ratzenberger, Estelle_Harris, John_Morris, Jodi_Benson, Emily_Ricks_Hahn, Laurie_Metcalf, Blake_Clark, Theodore_Newton, Bud_Luckey, Bea_Miller"
Trainspotting,18,"Ewan_McGregor, Ewen_Bremner, Jonny_Lee_Miller, Kevin_McKidd, Robert_Carlyle, Kelly_Macdonald, Peter_Mullan, James_Cosmo, Eileen_Nicholas, Susan_Vidler, Pauline_Lynch, Shirley_Henderson, Stuart_McQuarrie, Irvine_Welsh, Dale_Winton, Keith_Allen, Kevin_Allen, Annie_Louise_Ross"
Unforgiven,15,"Clint_Eastwood, Gene_Hackman, Morgan_Freeman, Richard_Harris, Jaimz_Woolvett, Saul_Rubinek, Frances_Fisher, Anna_Thomson, David_Mucci, Rob_Campbell, Anthony_James, Beverley_Elliott, Liisa_Repo-Martell, Shane_Thomas_Meier, Cherrilene_Cardinal"
Up,14,"Edward_Asner, Jordan_Nagai, John_Ratzenberger, Christopher_Plummer, Bob_Peterson, Delroy_Lindo, David_Kaye, Danny_Mann, Donald_Fullilove, Jess_Harnell, Josh_Cooley, Pete_Docter, Mark_Andrews, Bob_Bergen"
V for Vendetta,17,"Hugo_Weaving, Natalie_Portman, Rupert_Graves, Stephen_Rea, Stephen_Fry, John_Hurt, Tim_Pigott-Smith, Roger_Allam, Ben_Miles, Sinéad_Cusack, Natasha_Wightman, John_Standing, Eddie_Marsan, Clive_Ashborn, Ian_Burfield, Mark_Phoenix, Alister_Mazzotti"
Vertigo,11,"James_Stewart, Kim_Novak, Barbara_Bel_Geddes, Tom_Helmore, Henry_Jones, Raymond_Bailey, Ellen_Corby, Konstantin_Shayne, Lee_Patrick, John_Benson, Paul_Bryar"
WALL·E,11,"Ben_Burtt, Elissa_Knight, Jeff_Garlin, Fred_Willard, John_Ratzenberger, Kathy_Najimy, Sigourney_Weaver, Karleen_Griffin, Kim_Kopf, Garrett_Palmer, Lori_Richardson"
Warrior,17,"Tom_Hardy, Nick_Nolte, Joel_Edgerton, Jennifer_Morrison, Frank_Grillo, Kevin_Dunn, Maximiliano_Hernández, Bryan_Callen, Sam_Sheridan, Fernando_Chien, Jake_McLaughlin, Vanessa_Martinez, Denzel_Whitaker, Carlos_Miranda, Nick_Lehane, Laura_Chinn, Lexi_Cowan"
Whiplash,16,"Miles_Teller, J.K._Simmons, Melissa_Benoist, Paul_Reiser, Austin_Stowell, Nate_Lang, Chris_Mulkey, Damon_Gupton, Suanne_Spoke, Max_Kasch, Jayson_Blair, Kofi_Siriboe, Kavita_Patil, C.J._Vana, Tarik_Lowe, Rogelio_Douglas_Jr."
Wild Strawberries,17,"Victor_Sjöström, Bibi_Andersson, Ingrid_Thulin, Gunnar_Björnstrand, Jullan_Kindahl, Folke_Sundquist, Naima_Wifstrand, Gunnel_Broström, Gertrud_Fridh, Sif_Ruud, Gunnar_Sjöberg, Max_von_Sydow, Åke_Fridell, Yngve_Nordwall, Per_Sjöstrand, Gio_Petré, Gunnel_Lindblom"
Wild Tales,7,"Darío_Grandinetti, María_Marull, Mónica_Villa, Javier_Pedersoli, Rita_Cortese, Julieta_Zylberberg, Leonardo_Sbaraglia"
Witness for the Prosecution,14,"Tyrone_Power, Marlene_Dietrich, Charles_Laughton, Elsa_Lanchester, John_Williams, Henry_Daniell, Ian_Wolfe, Torin_Thatcher, Norma_Varden, Una_O'Connor, Francis_Compton, Philip_Tonge, Ruta_Lee, Eddie_Baker"
Yojimbo,15,"Toshirô_Mifune, Eijirô_Tôno, Tatsuya_Nakadai, Yôko_Tsukasa, Isuzu_Yamada, Daisuke_Katô, Seizaburô_Kawazu, Takashi_Shimura, Yôsuke_Natsuki, Kamatari_Fujiwara, Ikio_Sawamura, Susumu_Fujita, Kyû_Sazanka, Kô_Nishimura, Takeshi_Katô"
Your Name,7,"Ryûnosuke_Kamiki, Mone_Kamishiraishi, Ryo_Narita, Aoi_Yûki, Nobunaga_Shimazaki, Kazuhiko_Inoue, Kana_Hanazawa"
